{"cameraMode":{"drawMode":0,"name":"Shaded","section":"Shading Mode"},"sceneLighting":false,"audioPlay":false,"sceneViewState":{"showFog":true,"showMaterialUpdate":false,"showSkybox":true,"showFlares":true,"showImageEffects":true,"showParticleSystems":true},"in2DMode":false,"pivot":{"x":-0.46696019172668459,"y":0.1790776252746582,"z":5.200569152832031},"rotation":{"x":0.19544953107833863,"y":0.8023759126663208,"z":-0.4303613007068634,"w":0.3644007742404938},"size":4.399349689483643,"orthographic":false}